"Sample_Name","Sample_Group","preterm","Sex","Sentrix_ID","Sentrix_Position","Sample_Plate","interview_age"
"CC00063AN06","Yes",1,"F",205724770064,"R07C01",NA,19
"CC00063BN06","Yes",1,"F",205715830128,"R02C01",NA,19
"CC00087AN14","Yes",1,"M",205724770039,"R06C01",NA,20
"CC00087BN14","Yes",1,"M",205715830110,"R02C01",NA,20
"CC00098AN17","No",1,"M",205715840107,"R05C01",NA,21
"CC00129AN14","Yes",1,"M",205715840170,"R08C01",NA,18
"CC00129BN14","Yes",1,"F",205657600057,"R01C01",NA,18
"CC00132XX09","No",1,"M",205724780035,"R06C01",NA,18
"CC00133XX10","Yes",1,"F",205724770138,"R03C01",NA,19
"CC00135AN12","Yes",1,"M",205724780051,"R08C01",NA,20
"CC00135BN12","Yes",1,"F",205657390163,"R08C01",NA,20
"CC00136AN13","Yes",1,"F",205657600041,"R03C01",NA,22
"CC00136BN13","Yes",1,"F",205722630124,"R01C01",NA,22
"CC00154XX06","Yes",1,"M",205715830136,"R07C01",NA,20
"CC00177XX13","Yes",1,"F",205715820001,"R06C01",NA,20
"CC00192AN12","No",1,"M",205715840115,"R05C01",NA,23
"CC00216AN10","No",1,"M",205715830156,"R08C01",NA,19
"CC00216BN10","No",1,"M",205724780006,"R03C01",NA,19
"CC00218AN12","No",1,"M",205715840170,"R06C01",NA,21
"CC00218BN12","No",1,"M",205724780120,"R06C01",NA,21
"CC00227XX13","Yes",1,"F",205724780147,"R01C01",NA,21
"CC00231XX09","No",1,"M",205676380068,"R05C01",NA,22
"CC00237XX15","No",1,"F",205676380094,"R01C01",NA,21
"CC00244XX14","No",1,"F",205715820007,"R04C01",NA,19
"CC00245AN15","Yes",1,"M",205715830031,"R06C01",NA,20
"CC00245BN15","Yes",1,"M",205715840135,"R05C01",NA,20
"CC00248XX18","No",1,"F",205724770140,"R07C01",NA,21
"CC00271XX08","No",1,"F",205715840155,"R03C01",NA,19
"CC00281AN10","No",1,"M",205715840008,"R04C01",NA,19
"CC00281BN10","No",1,"M",205724780102,"R04C01",NA,19
"CC00284AN13","Yes",1,"F",205657390103,"R07C01",NA,21
"CC00284BN13","Yes",1,"M",205657390017,"R08C01",NA,21
"CC00287AN16","Yes",1,"F",205724770062,"R04C01",NA,25
"CC00287BN16","Yes",1,"M",205722630032,"R07C01",NA,25
"CC00293AN14","Yes",1,"M",205715840099,"R01C01",NA,20
"CC00293BN14","Yes",1,"M",205724780054,"R02C01",NA,20
"CC00305XX08","Yes",1,"F",205724780054,"R08C01",NA,21
"CC00350XX04","Yes",1,"F",205715840006,"R03C01",NA,20
"CC00351XX05","Yes",1,"M",205724770003,"R02C01",NA,20
"CC00389XX19","Yes",1,"M",205676390047,"R04C01",NA,21
"CC00406XX10","No",1,"M",205724780104,"R05C01",NA,19
"CC00407AN11","No",1,"F",205715840050,"R03C01",NA,21
"CC00407BN11","No",1,"M",205724770132,"R08C01",NA,21
"CC00418AN14","No",1,"F",205657390044,"R05C01",NA,19
"CC00423XX11","Yes",1,"M",205722630124,"R05C01",NA,20
"CC00465XX12","No",1,"M",205724770118,"R04C01",NA,19
"CC00492AN15","No",1,"F",205724780050,"R01C01",NA,20
"CC00492BN15","No",1,"F",205676380071,"R07C01",NA,20
"CC00517XX14","No",1,"F",205724770066,"R06C01",NA,20
"CC00526XX15","Yes",1,"F",205724780051,"R04C01",NA,22
"CC00529AN18","Yes",1,"M",205657390001,"R05C01",NA,21
"CC00529BN18","Yes",1,"M",205715830128,"R08C01",NA,21
"CC00530XX11","Yes",1,"F",205715820047,"R08C01",NA,21
"CC00563XX11","Yes",1,"F",205715830093,"R08C01",NA,19
"CC00569XX17","Yes",1,"M",205715840013,"R05C01",NA,19
"CC00570XX10","No",1,"F",205676390047,"R02C01",NA,19
"CC00571AN11","Yes",1,"M",205676380063,"R07C01",NA,22
"CC00578AN18","Yes",1,"M",205724780049,"R02C01",NA,22
"CC00578BN18","Yes",1,"F",205715840168,"R07C01",NA,22
"CC00600XX06","Yes",1,"M",205657390103,"R01C01",NA,20
"CC00617XX15","No",1,"M",205724770064,"R03C01",NA,20
"CC00618XX16","Yes",1,"F",205657390018,"R03C01",NA,21
"CC00628XX18","Yes",1,"F",205722630032,"R02C01",NA,20
"CC00630XX12","No",1,"F",205724770118,"R07C01",NA,19
"CC00634AN16","Yes",1,"F",205722630038,"R01C01",NA,21
"CC00657XX14","Yes",1,"M",205724770031,"R06C01",NA,21
"CC00661XX10","Yes",1,"M",205676390020,"R02C01",NA,21
"CC00672AN13","Yes",1,"M",205715820119,"R02C01",NA,21
"CC00672BN13","Yes",1,"F",205657600041,"R07C01",NA,21
"CC00686XX19","Yes",1,"M",205722630132,"R02C01",NA,19
"CC00689XX22","No",1,"F",205715840017,"R04C01",NA,19
"CC00694XX19","Yes",1,"F",205657600033,"R02C01",NA,22
"CC00703XX10","Yes",1,"M",205724780072,"R08C01",NA,20
"CC00712XX11","Yes",1,"M",205657600031,"R01C01",NA,20
"CC00735XX18","Yes",1,"M",205657390043,"R07C01",NA,21
"CC00760XX10","Yes",1,"F",205715830134,"R04C01",NA,20
"CC00764AN14","No",1,"F",205676380094,"R06C01",NA,19
"CC00768XX18","Yes",1,"M",205657600027,"R04C01",NA,19
"CC00785XX19","Yes",1,"M",205715830108,"R03C01",NA,20
"CC00788XX22","No",1,"M",205724780105,"R01C01",NA,20
"CC00792XX18","Yes",1,"M",205722630041,"R07C01",NA,20
"CC00802XX10","Yes",1,"F",205715830110,"R06C01",NA,21
"CC00823XX15","Yes",1,"M",205715840094,"R01C01",NA,20
"CC00830XX14","Yes",1,"F",205724770054,"R04C01",NA,20
"CC00833XX17","Yes",1,"M",205724780084,"R04C01",NA,20
"CC00838XX22","Yes",1,"F",205715830028,"R04C01",NA,21
"CC00845AN21","Yes",1,"M",205715820045,"R05C01",NA,20
"CC00845BN21","Yes",1,"M",205715830034,"R04C01",NA,20
"CC00855XX14","Yes",1,"F",205724770154,"R05C01",NA,20
"CC00894XX21","Yes",1,"M",205715830142,"R07C01",NA,23
"CC00919XX20","Yes",1,"F",205676380098,"R01C01",NA,22
"CC00936XX21","Yes",1,"F",205715840021,"R08C01",NA,22
"CC00955XX15","Yes",1,"M",205722630106,"R03C01",NA,37
"CC00986AN22","No",1,"F",205724770105,"R01C01",NA,20
"CC00986BN22","No",1,"M",205724770155,"R03C01",NA,20
"CC01011XX05","Yes",1,"F",205715820119,"R04C01",NA,25
"CC01038XX16","Yes",1,"M",205715840021,"R04C01",NA,34
"CC01077XX14","Yes",1,"M",205676390052,"R06C01",NA,31
"CC01080XX09","Yes",1,"F",205724780110,"R05C01",NA,22
"CC01111XX06","No",1,"M",205724780051,"R05C01",NA,19
"CC01116AN11","No",1,"M",205657600062,"R04C01",NA,28
"CC01116BN11","No",1,"M",205715820111,"R06C01",NA,28
"CC01129XX16","No",1,"F",205715840046,"R08C01",NA,25
"CC01154XX08","Yes",1,"M",205715820111,"R04C01",NA,22
"CC01229XX17","No",1,"M",205724780050,"R02C01",NA,21
"CC01232AN12","Yes",1,"M",205676390028,"R08C01",NA,19
"CC01232BN12","Yes",1,"F",205715840107,"R01C01",NA,19
"CC01234AN14","Yes",1,"F",205724780105,"R06C01",NA,23
"CC01234BN14","Yes",1,"F",205724780058,"R05C01",NA,23
